{"cameraMode":{"drawMode":0,"name":"Shaded","section":"Shading Mode"},"sceneLighting":true,"audioPlay":false,"sceneViewState":{"showFog":true,"showMaterialUpdate":false,"showSkybox":true,"showFlares":true,"showImageEffects":true,"showParticleSystems":true},"in2DMode":false,"pivot":{"x":-7.116018295288086,"y":4.7343244552612309,"z":7.885687828063965},"rotation":{"x":0.09998971223831177,"y":0.08199066668748856,"z":-0.008267916738986969,"w":0.9915702939033508},"size":16.381105422973634,"orthographic":false}