{"cameraMode":{"drawMode":0,"name":"Shaded","section":"Shading Mode"},"sceneLighting":false,"audioPlay":false,"sceneViewState":{"showFog":true,"showMaterialUpdate":false,"showSkybox":false,"showFlares":true,"showImageEffects":true,"showParticleSystems":true},"in2DMode":false,"pivot":{"x":2.384185791015625e-7,"y":2.194204807281494,"z":-0.006123185157775879},"rotation":{"x":-0.1420043706893921,"y":0.2843097448348999,"z":-0.04262344911694527,"w":-0.9472144246101379},"size":11.24146842956543,"orthographic":false}