{"cameraMode":{"drawMode":0,"name":"Shaded","section":"Shading Mode"},"sceneLighting":true,"audioPlay":false,"sceneViewState":{"showFog":true,"showMaterialUpdate":false,"showSkybox":true,"showFlares":true,"showImageEffects":true,"showParticleSystems":true},"in2DMode":false,"pivot":{"x":33.452598571777347,"y":-56.26522445678711,"z":-72.07270812988281},"rotation":{"x":-0.050294794142246249,"y":0.9345040321350098,"z":-0.32041415572166445,"w":-0.1466882973909378},"size":116.32081604003906,"orthographic":false}