{"cameraMode":{"drawMode":0,"name":"Shaded","section":"Shading Mode"},"sceneLighting":true,"audioPlay":false,"sceneViewState":{"showFog":true,"showMaterialUpdate":false,"showSkybox":true,"showFlares":true,"showImageEffects":true,"showParticleSystems":true},"in2DMode":false,"pivot":{"x":-8.506097793579102,"y":0.532618522644043,"z":35.471397399902347},"rotation":{"x":0.11419752985239029,"y":-0.642926037311554,"z":0.09775944799184799,"w":0.7510318160057068},"size":44.28219223022461,"orthographic":false}