{"cameraMode":{"drawMode":0,"name":"Shaded","section":"Shading Mode"},"sceneLighting":true,"audioPlay":false,"sceneViewState":{"showFog":true,"showMaterialUpdate":false,"showSkybox":true,"showFlares":true,"showImageEffects":true,"showParticleSystems":true},"in2DMode":false,"pivot":{"x":-0.6571193933486939,"y":16.818363189697267,"z":-29.556020736694337},"rotation":{"x":-0.00004049925337312743,"y":-0.9996532797813416,"z":-0.0281884353607893,"w":0.0017898494843393565},"size":64.17293548583985,"orthographic":false}