{"cameraMode":{"drawMode":0,"name":"Shaded","section":"Shading Mode"},"sceneLighting":true,"audioPlay":false,"sceneViewState":{"showFog":true,"showMaterialUpdate":false,"showSkybox":true,"showFlares":true,"showImageEffects":true,"showParticleSystems":true},"in2DMode":false,"pivot":{"x":-639.0757446289063,"y":-324.68975830078127,"z":-15.040901184082032},"rotation":{"x":0.11932054907083512,"y":-0.7188388705253601,"z":0.12746787071228028,"w":0.6728952527046204},"size":869.692138671875,"orthographic":false}