{"cameraMode":{"drawMode":0,"name":"Shaded","section":"Shading Mode"},"sceneLighting":true,"audioPlay":false,"sceneViewState":{"showFog":true,"showMaterialUpdate":false,"showSkybox":true,"showFlares":true,"showImageEffects":true,"showParticleSystems":true},"in2DMode":false,"pivot":{"x":-22.127361297607423,"y":-9.18587875366211,"z":7.156786918640137},"rotation":{"x":0.1715209186077118,"y":-0.5757187008857727,"z":0.12505827844142915,"w":0.789613664150238},"size":47.95143127441406,"orthographic":false}