{"cameraMode":{"drawMode":0,"name":"Shaded","section":"Shading Mode"},"sceneLighting":true,"audioPlay":false,"sceneViewState":{"showFog":true,"showMaterialUpdate":false,"showSkybox":true,"showFlares":true,"showImageEffects":true,"showParticleSystems":true},"in2DMode":false,"pivot":{"x":-101.36282348632813,"y":-76.61712646484375,"z":40.66987228393555},"rotation":{"x":-0.10932224988937378,"y":0.6464340090751648,"z":-0.09432809799909592,"w":-0.7491846084594727},"size":283.68511962890627,"orthographic":false}