{"cameraMode":{"drawMode":0,"name":"Shaded","section":"Shading Mode"},"sceneLighting":true,"audioPlay":false,"sceneViewState":{"showFog":true,"showMaterialUpdate":false,"showSkybox":true,"showFlares":true,"showImageEffects":true,"showParticleSystems":true},"in2DMode":false,"pivot":{"x":-8.8385009765625,"y":1.19597589969635,"z":-4.284615993499756},"rotation":{"x":-0.0725916177034378,"y":0.7522461414337158,"z":-0.08407903462648392,"w":-0.6494585871696472},"size":32.15377426147461,"orthographic":false}