{"cameraMode":{"drawMode":0,"name":"Shaded","section":"Shading Mode"},"sceneLighting":false,"audioPlay":false,"sceneViewState":{"showFog":true,"showMaterialUpdate":false,"showSkybox":false,"showFlares":true,"showImageEffects":true,"showParticleSystems":true},"in2DMode":false,"pivot":{"x":0.0,"y":0.23544949293136598,"z":1.0704494714736939},"rotation":{"x":0.024636585265398027,"y":-0.9423547387123108,"z":0.07109559327363968,"w":0.32624658942222597},"size":5.955743789672852,"orthographic":false}