{"cameraMode":{"drawMode":0,"name":"Shaded","section":"Shading Mode"},"sceneLighting":true,"audioPlay":false,"sceneViewState":{"showFog":true,"showMaterialUpdate":false,"showSkybox":true,"showFlares":true,"showImageEffects":true,"showParticleSystems":true},"in2DMode":false,"pivot":{"x":-9.378454208374024,"y":1.4265120029449463,"z":0.5810433030128479},"rotation":{"x":-0.003104911185801029,"y":-0.9930828809738159,"z":0.027132106944918634,"w":-0.11492441594600678},"size":12.551547050476075,"orthographic":false}