{"cameraMode":{"drawMode":0,"name":"Shaded","section":"Shading Mode"},"sceneLighting":true,"audioPlay":false,"sceneViewState":{"showFog":true,"showMaterialUpdate":false,"showSkybox":true,"showFlares":true,"showImageEffects":true,"showParticleSystems":true},"in2DMode":false,"pivot":{"x":20.134464263916017,"y":-0.5438461303710938,"z":18.899425506591798},"rotation":{"x":-0.19328701496124268,"y":0.08907239884138107,"z":-0.01760783977806568,"w":-0.9770186543464661},"size":87.17902374267578,"orthographic":false}